{
  "V14": 3.0731095405086695,
  "V4": 1.0367698277824322,
  "risk_score": 1.0126479074732957,
  "V1": 0.7344472635291462,
  "V12": 0.7166292369392528,
  "v_std": 0.6853605805086065,
  "log_amount": 0.6099950467254944,
  "amount_squared": 0.5923397563427276,
  "V11": 0.5891622662587616,
  "V10": 0.5095969761331575,
  "v_min": 0.49528103042224925,
  "hour": 0.41864876726626193,
  "V8": 0.4067484749717555,
  "v_max": 0.35180826166373774,
  "V15": 0.3276724529527604
}